title,isbn10,isbn13,condition,vendor,purchase_cost,shipping_cost,processing_cost,net_buying_cost,url_buy
Hale and Hartmann's Textbook of Human Lactation,0977226891,9780977226894,New,Amazon.com,78.76,3.99,2,84.75,http://www.amazon.com/dp/0977226891
Mosby's Textbook for the Home Care Aide,0323084338,9780323084338,New,Amazon.com,55.1,3.99,2,61.09,http://www.amazon.com/dp/0323084338
Handbook of Geriatric Care Management,1284078981,9781284078985,Acceptable,Amazon.com,60.89,3.99,2,66.88,http://www.amazon.com/dp/1284078981
"Mosby's Textbook for Nursing Assistants - Hard Cover Version (Sorrentino,Mosby's Textbook of Nursing Assistant's)",0323049982,9780323049986,New,Amazon.com,84.46,0.0,2,86.46,http://www.amazon.com/dp/0323049982
Impact Of Birthing Practices On Breastfeeding,0763763748,9780763763749,New,Amazon.com,77.12,0.0,2,79.12,http://www.amazon.com/dp/0763763748
Observing and Understanding Child Development: A Child Study Manual,1418015369,9781418015367,Good,Amazon.com,53.12,10.43,2,65.55,http://www.amazon.com/dp/1418015369
An Introduction to Community  &  Public Health,1284108414,9781284108415,New,Amazon.com,93.62,3.99,2,99.61,http://www.amazon.com/dp/1284108414
"The Punisher, Vol. 2",0785159207,9780785159209,Acceptable,Amazon.com,70.0,3.99,2,75.99,http://www.amazon.com/dp/0785159207
Lean IT: Enabling and Sustaining Your Lean Transformation,1439817561,9781439817568,Good,Amazon.com,13.16,3.99,2,19.15,http://www.amazon.com/dp/1439817561
Child Development: Principles and Perspectives (2nd Edition),0205494064,9780205494064,Good,Amazon.com,30.0,3.99,2,35.99,http://www.amazon.com/dp/0205494064
House of M: No More Mutants,0785138838,9780785138839,VeryGood,Amazon.com,40.0,3.99,2,45.99,http://www.amazon.com/dp/0785138838
Flash: The Human Race,1401222390,9781401222390,New,Amazon.com,39.95,4.76,2,46.71,http://www.amazon.com/dp/1401222390
Understanding Child Development,0495809306,9780495809302,New,Amazon.com,200.0,3.99,2,205.99,http://www.amazon.com/dp/0495809306
Mosby's Textbook for Nursing Assistants,0323080685,9780323080682,Acceptable,Amazon.com,19.9,3.99,2,25.89,http://www.amazon.com/dp/0323080685
Shackelford's Surgery of the Alimentary Tract - 2 Volume Set: Expert Consult - Online and Print,1437722067,9781437722062,VeryGood,Amazon.com,195.96,3.99,2,201.95,http://www.amazon.com/dp/1437722067
Presenting Data Effectively: Communicating Your Findings for Maximum Impact,1506353126,9781506353128,New,Amazon.com,41.26,3.99,2,47.25,http://www.amazon.com/dp/1506353126
Mosby's Textbook for Nursing Assistants - Soft Cover Version,0323009247,9780323009249,Good,Amazon.com,3.89,3.99,2,9.88,http://www.amazon.com/dp/0323009247
"1,001 Series 7 Exam Practice Questions For Dummies",1118885740,9781118885741,Good,Amazon.com,11.71,0.0,2,13.71,http://www.amazon.com/dp/1118885740
Watchmen,1401219268,9781401219260,Acceptable,Amazon.com,12.45,3.99,2,18.44,http://www.amazon.com/dp/1401219268
"CMA Part 1 - Financial Reporting, Planning, Performance, and Control Exam Flashcard Study System: CMA Test Practice Questions & Review for the Certified Management Accountant Exam (Cards)",1609714172,9781609714178,New,Amazon.com,43.99,0.0,2,45.99,http://www.amazon.com/dp/1609714172
Mayo Clinic Internal Medicine Board Review (Mayo Clinic Scientific Press),0190464860,9780190464868,New,Amazon.com,80.4,3.99,2,86.39,http://www.amazon.com/dp/0190464860
Engineering Magnetohydrodynamics (Dover Civil and Mechanical Engineering),0486450325,9780486450322,VeryGood,Amazon.com,15.95,3.99,2,21.94,http://www.amazon.com/dp/0486450325
Brochert's Crush Step 2: The Ultimate USMLE Step 2 Review,1455703117,9781455703111,New,Amazon.com,31.24,3.99,2,37.23,http://www.amazon.com/dp/1455703117
USMLE Step 3 White Coat Pocket Guide (Kaplan Medical USMLE),1607144840,9781607144847,Acceptable,Amazon.com,10.01,3.99,2,16.0,http://www.amazon.com/dp/1607144840
Mosby's Textbook for the Home Care Aide,0323084397,9780323084390,Good,Amazon.com,8.97,3.99,2,14.96,http://www.amazon.com/dp/0323084397
Berkeley Physics Course: Electricity and Magnetism v. 2,0070664951,9780070664951,VeryGood,Amazon.com,48.72,16.98,2,67.7,http://www.amazon.com/dp/0070664951
Developmental Disabilities: Introduction to a Diverse Field,0205322069,9780205322060,Good,Amazon.com,8.44,5.89,2,16.33,http://www.amazon.com/dp/0205322069
Lives Across Cultures: Cross-Cultural Human Development (5th Edition),0205841740,9780205841745,Good,Amazon.com,52.24,6.89,2,61.13,http://www.amazon.com/dp/0205841740
Life-Span Development: Infancy Through Adulthood,0618721568,9780618721566,New,Amazon.com,83.85,4.24,2,90.09,http://www.amazon.com/dp/0618721568
"Law, Business and Society",0078023866,9780078023866,New,Amazon.com,257.41,3.99,2,263.4,http://www.amazon.com/dp/0078023866
"The Oxford Handbook of Deaf Studies, Language, and Education, Volume 2 (Oxford Library of Psychology)",0195390032,9780195390032,Acceptable,Amazon.com,132.9,3.99,2,138.89,http://www.amazon.com/dp/0195390032
Introduction to Family Processes,1841697613,9781841697611,New,Amazon.com,35.93,0.0,2,37.93,http://www.amazon.com/dp/1841697613
Superconducting Magnets (Monographs on Cryogenics),0198548109,9780198548102,Good,Amazon.com,43.89,3.99,2,49.88,http://www.amazon.com/dp/0198548109
Human Learning (6th Edition),0132595184,9780132595186,Good,Amazon.com,44.6,13.96,2,60.56,http://www.amazon.com/dp/0132595184
Business Law,0077733738,9780077733735,Acceptable,Amazon.com,64.7,4.65,2,71.35,http://www.amazon.com/dp/0077733738
Social and Personality Development,0495600385,9780495600381,Good,Amazon.com,49.92,3.99,2,55.91,http://www.amazon.com/dp/0495600385
Principles of Operations Management: Sustainability and Supply Chain Management (10th Edition),0134181980,9780134181981,Acceptable,Amazon.com,130.0,3.99,2,135.99,http://www.amazon.com/dp/0134181980
Small Business: An Entrepreneur's Business Plan,1285169956,9781285169958,Acceptable,Amazon.com,19.95,4.15,2,26.1,http://www.amazon.com/dp/1285169956
Developmental Psychology (Critical Thinking in Psychology Series),0857252763,9780857252760,New,Amazon.com,25.0,3.99,2,30.99,http://www.amazon.com/dp/0857252763
"Hotel, Restaurant, and Travel Law, 7th Edition",1418051918,9781418051914,Acceptable,Amazon.com,12.31,4.49,2,18.8,http://www.amazon.com/dp/1418051918
Logical Labyrinths,1568814437,9781568814438,Acceptable,Amazon.com,17.95,3.99,2,23.94,http://www.amazon.com/dp/1568814437
Electrical Wiring Residential,1285170954,9781285170954,Acceptable,Amazon.com,52.05,3.99,2,58.04,http://www.amazon.com/dp/1285170954
"Business Law Today, Standard: Text and Summarized Cases",1133273564,9781133273561,Acceptable,Amazon.com,25.38,3.95,2,31.33,http://www.amazon.com/dp/1133273564
National Electrical Code 2014 Handbook (International Electrical Code),1455905445,9781455905447,Acceptable,Amazon.com,162.86,12.25,2,177.11,http://www.amazon.com/dp/1455905445
Start & Run a Tattoo and Body Piercing Studio,1770400702,9781770400702,New,Amazon.com,14.95,3.99,2,20.94,http://www.amazon.com/dp/1770400702
Master the Boards: Pediatrics,1609788796,9781609788797,Good,Amazon.com,84.29,6.19,2,92.48,http://www.amazon.com/dp/1609788796
Contemporary Management,1259732665,9781259732669,New,Amazon.com,169.99,5.35,2,177.34,http://www.amazon.com/dp/1259732665
"The Basic Political Writings: Discourse on the Sciences and the Arts, Discourse on the Origin and Foundations of Inequality Among Men, Discourse on ... On the Social Contract, The State of War",1603846735,9781603846738,Good,Amazon.com,6.99,3.99,2,12.98,http://www.amazon.com/dp/1603846735
A textbook of fire assaying,0918062470,9780918062475,Good,Amazon.com,11.07,5.17,2,18.24,http://www.amazon.com/dp/0918062470
Managing Human Resources (MindTap Course List),1285866398,9781285866390,Good,Amazon.com,97.19,0.0,2,99.19,http://www.amazon.com/dp/1285866398
Management,0133043606,9780133043600,New,Amazon.com,70.0,3.99,2,75.99,http://www.amazon.com/dp/0133043606
Delmar's Standard Textbook of Electricity,1285852702,9781285852706,New,Amazon.com,111.74,3.9,2,117.64,http://www.amazon.com/dp/1285852702
Fundamentals of Business Organizations for Paralegals,1454852216,9781454852216,New,Amazon.com,98.48,3.99,2,104.47,http://www.amazon.com/dp/1454852216
"Cengage Advantage Books: Business Law Today, The Essentials: Text and Summarized Cases (MindTap Course List)",1133191355,9781133191353,New,Amazon.com,220.0,0.0,2,222.0,http://www.amazon.com/dp/1133191355
Cengage Advantage Books: Business Law: Principles and Practices,1133586562,9781133586562,Good,Amazon.com,31.39,3.99,2,37.38,http://www.amazon.com/dp/1133586562
Fundamentals of Electric Circuits,0073380571,9780073380575,Mint,Amazon.com,36.0,6.49,2,44.49,http://www.amazon.com/dp/0073380571
Fundamentals of Philosophy (7th Edition),0205647626,9780205647620,Good,Amazon.com,20.64,10.43,2,33.07,http://www.amazon.com/dp/0205647626
"Electronics Fundamentals: Circuits, Devices & Applications (8th Edition)",0135072956,9780135072950,VeryGood,Amazon.com,125.15,4.49,2,131.64,http://www.amazon.com/dp/0135072956
The Return of Martin Guerre,0674766911,9780674766914,Good,Amazon.com,6.81,6.48,2,15.29,http://www.amazon.com/dp/0674766911
Modern Welding,1566379873,9781566379878,Good,Amazon.com,14.75,3.99,2,20.74,http://www.amazon.com/dp/1566379873
"A Poisoned Past: The Life and Times of Margarida de Portu, a Fourteenth-Century Accused Poisoner (Thinking Historically)",1442604778,9781442604773,Acceptable,Amazon.com,8.97,3.99,2,14.96,http://www.amazon.com/dp/1442604778
Journey to the Abyss: The Diaries of Count Harry Kessler 1880-1918,0307278433,9780307278432,Good,Amazon.com,6.77,3.99,2,12.76,http://www.amazon.com/dp/0307278433
"The Memoirs of Lt. Henry Timberlake: The Story of a Soldier, Adventurer, and Emissary to the Cherokees, 1756-1765",0807858277,9780807858271,Good,Amazon.com,9.59,3.99,2,15.58,http://www.amazon.com/dp/0807858277
The Kyoto School: An Introduction,1438445423,9781438445427,New,Amazon.com,26.95,0.0,2,28.95,http://www.amazon.com/dp/1438445423
The Handbook of Machine Soldering: SMT and TH,0471139041,9780471139041,Mint,Amazon.com,68.5,5.32,2,75.82,http://www.amazon.com/dp/0471139041
Electrodeposition: The Materials Science of Coatings and Substrates (Materials Science and Process Technology Series),0815513208,9780815513209,New,Amazon.com,61.27,0.0,2,63.27,http://www.amazon.com/dp/0815513208
Philosophical Investigations,1405159286,9781405159289,VeryGood,Amazon.com,21.0,3.99,2,26.99,http://www.amazon.com/dp/1405159286
The Physics of Solids: Essentials and Beyond (Graduate Texts in Physics),3642020682,9783642020681,New,Amazon.com,67.65,3.99,2,73.64,http://www.amazon.com/dp/3642020682
"Lab Manual for Jeffus/Bower's Welding Skills, Processes and Practices for Entry-Level Welders, Book 1",1435427890,9781435427891,New,Amazon.com,844.34,64.98,2,911.32,http://www.amazon.com/dp/1435427890
Fundamentals of Building Construction: Materials and Methods,1118138910,9781118138915,Acceptable,Amazon.com,51.45,3.99,2,57.44,http://www.amazon.com/dp/1118138910
Psychiatric Mental Health Nursing Success: A Q,0803660405,9780803660403,Mint,Amazon.com,22.0,4.23,2,28.23,http://www.amazon.com/dp/0803660405
Residential Land Development Practices: A Textbook on Developing Land into Finished Lots.,0784409676,9780784409671,Mint,Amazon.com,89.13,3.99,2,95.12,http://www.amazon.com/dp/0784409676
Strategies for Theory Construction in Nursing (5th Edition),0132156881,9780132156882,Good,Amazon.com,70.33,3.99,2,76.32,http://www.amazon.com/dp/0132156881
Electrical Level 2 Trainee Guide (8th Edition),0133830659,9780133830651,Good,Amazon.com,26.38,3.99,2,32.37,http://www.amazon.com/dp/0133830659
LPN to RN Transitions: Achieving Success in Your New Role,1609136918,9781609136918,Good,Amazon.com,1.98,3.98,2,7.96,http://www.amazon.com/dp/1609136918
Roman Homosexuality: Second Edition,0195388747,9780195388749,New,Amazon.com,21.09,0.0,2,23.09,http://www.amazon.com/dp/0195388747
Philosophical Questions: Readings and Interactive Guides,0195139836,9780195139839,VeryGood,Amazon.com,27.21,3.99,2,33.2,http://www.amazon.com/dp/0195139836
Napoleon,0582437520,9780582437524,Good,Amazon.com,3.78,3.98,2,9.76,http://www.amazon.com/dp/0582437520
Beowulf,0822002280,9780822002284,Acceptable,Amazon.com,3.0,7.95,2,12.95,http://www.amazon.com/dp/0822002280
Philosophy: The Quest For Truth,0199981086,9780199981083,VeryGood,Amazon.com,45.44,15.99,2,63.43,http://www.amazon.com/dp/0199981086
Second Treatise of Government (Hackett Classics),0915144867,9780915144860,Good,Amazon.com,6.18,0.0,2,8.18,http://www.amazon.com/dp/0915144867
Andre Lefebvre and the Cars He Created at Voisin and Citrodn,1845842448,9781845842444,VeryGood,Amazon.com,16.0,3.99,2,21.99,http://www.amazon.com/dp/1845842448
Fundamentals Success: A Q&A Review Applying Critical Thinking to Test Taking,0803644140,9780803644144,Good,Amazon.com,18.93,3.99,2,24.92,http://www.amazon.com/dp/0803644140
Nurse Practitioner Certification Examination And Practice Preparation,0803640749,9780803640740,New,Amazon.com,21.0,9.8,2,32.8,http://www.amazon.com/dp/0803640749
Hospital Time,0822319209,9780822319207,New,Amazon.com,13.6,3.99,2,19.59,http://www.amazon.com/dp/0822319209
Straights: Heterosexuality in Post-Closeted Culture,0814764592,9780814764596,Good,Amazon.com,21.75,3.99,2,27.74,http://www.amazon.com/dp/0814764592
"A History of Us V3 from Colonies to Country, Grade 8",0195188888,9780195188882,VeryGood,Amazon.com,12.98,3.99,2,18.97,http://www.amazon.com/dp/0195188888
Beowulf: A Verse Translation,0393975800,9780393975802,Good,Amazon.com,5.99,3.99,2,11.98,http://www.amazon.com/dp/0393975800
CMSA Core Curriculum for Case Management,0781779170,9780781779173,Acceptable,Amazon.com,2.15,3.99,2,8.14,http://www.amazon.com/dp/0781779170
The Oresteia: Agamemnon; The Libation Bearers; The Eumenides,0140443339,9780140443332,Good,Amazon.com,2.35,3.99,2,8.34,http://www.amazon.com/dp/0140443339
NURSING: The Ultimate Study Guide,0826193366,9780826193360,Good,Amazon.com,11.61,3.99,2,17.6,http://www.amazon.com/dp/0826193366
Selections from Pindar (TEXTBOOK SERIES (AMERICAN PHILOLOGICAL ASSOCIATION)) (English and Greek Edition),0891304304,9780891304302,VeryGood,Amazon.com,78.93,6.49,2,87.42,http://www.amazon.com/dp/0891304304
Lippincott Essentials for Nursing Assistants,1609137507,9781609137502,New,Amazon.com,33.99,3.99,2,39.98,http://www.amazon.com/dp/1609137507
The Great Conversation: A Historical Introduction to Philosophy,0199999651,9780199999651,VeryGood,Amazon.com,70.18,4.49,2,76.67,http://www.amazon.com/dp/0199999651
"Nursing Informatics for the Advanced Practice Nurse: Patient Safety, Quality, Outcomes, and Interprofessionalism",0826124887,9780826124883,VeryGood,Amazon.com,63.99,0.0,2,65.99,http://www.amazon.com/dp/0826124887
Thrasymachus: Greek Through Reading,0862921392,9780862921392,VeryGood,Amazon.com,11.95,0.0,2,13.95,http://www.amazon.com/dp/0862921392
Emergency Response Management for Athletic Trainers,0781775507,9780781775502,Acceptable,Amazon.com,39.34,3.99,2,45.33,http://www.amazon.com/dp/0781775507
The Great Conversation: A Historical Introduction to Philosophy,0195397614,9780195397611,Good,Amazon.com,28.51,3.99,2,34.5,http://www.amazon.com/dp/0195397614
Cengage Advantage Series: Voyage of Discovery: A Historical Introduction to Philosophy,1285195930,9781285195933,Acceptable,Amazon.com,45.66,3.99,2,51.65,http://www.amazon.com/dp/1285195930
Used Books: Marking Readers in Renaissance England (Material Texts),0812220846,9780812220841,Good,Amazon.com,22.98,7.16,2,32.14,http://www.amazon.com/dp/0812220846
Orthopedic & Athletic Injury Examination Handbook (Revised),0803639198,9780803639195,New,Amazon.com,37.45,0.0,2,39.45,http://www.amazon.com/dp/0803639198
Examination of Orthopedic and Athletic Injuries,0803617208,9780803617209,Acceptable,Amazon.com,2.88,3.99,2,8.87,http://www.amazon.com/dp/0803617208
Corto Maltese: Under the Sign of Capricorn,1631400657,9781631400650,New,Amazon.com,17.7,4.99,2,24.69,http://www.amazon.com/dp/1631400657
"Science and Practice of Strength Training, Second Edition",0736056289,9780736056281,Acceptable,Amazon.com,38.88,3.99,2,44.87,http://www.amazon.com/dp/0736056289
Essentials of Athletic Injury Management,0078022614,9780078022616,Acceptable,Amazon.com,24.5,3.99,2,30.49,http://www.amazon.com/dp/0078022614
"Wound Care: A Collaborative Practice Manual for Health Professionals (Sussman, Wound Care)",1608317153,9781608317158,Acceptable,Amazon.com,45.36,3.99,2,51.35,http://www.amazon.com/dp/1608317153
"Grief Counseling and Grief Therapy, Fourth Edition: A Handbook for the Mental Health Practitioner",0826101208,9780826101204,Acceptable,Amazon.com,26.33,3.99,2,32.32,http://www.amazon.com/dp/0826101208
Role Development for the Nurse Practitioner,1284130134,9781284130133,Mint,Amazon.com,55.0,3.99,2,60.99,http://www.amazon.com/dp/1284130134
"Endocrine Physiology, Fourth Edition (Lange Physiology Series)",0071796770,9780071796774,Acceptable,Amazon.com,9.29,3.99,2,15.28,http://www.amazon.com/dp/0071796770
"Lenses on Reading, Second Edition: An Introduction to Theories and Models",1462504701,9781462504701,Acceptable,Amazon.com,4.15,3.99,2,10.14,http://www.amazon.com/dp/1462504701
"Working with Loss, Death and Bereavement: A Guide for Social Workers",1412923913,9781412923910,VeryGood,Amazon.com,17.58,2.16,2,21.74,http://www.amazon.com/dp/1412923913
"180 Days of Reading for First Grade (Ages 5 - 7) Easy-to-Use First Grade Workbook to Improve Reading Comprehension Quickly, Fun Daily Phonics Practice for 1st Grade Reading (180 Days of Practice)",1425809227,9781425809225,New,Amazon.com,314.0,0.0,2,316.0,http://www.amazon.com/dp/1425809227
The Acme Novelty Library 20: Lint,1770460209,9781770460201,Good,Amazon.com,10.67,3.99,2,16.66,http://www.amazon.com/dp/1770460209
NonNonBa,1770460721,9781770460720,New,Amazon.com,17.54,0.0,2,19.54,http://www.amazon.com/dp/1770460721
The Love Bunglers,1606997297,9781606997291,New,Amazon.com,12.5,3.99,2,18.49,http://www.amazon.com/dp/1606997297
"Julius Caesar (Shakespeare, Signet Classic)",0451526899,9780451526892,Acceptable,Amazon.com,0.9,3.99,2,6.89,http://www.amazon.com/dp/0451526899
Rheumatology: A Clinical Handbook,1907904263,9781907904264,New,Amazon.com,25.87,0.0,2,27.87,http://www.amazon.com/dp/1907904263
"Integrated Chinese: Level 2, Part 1 (Simplified and Traditional Character) Textbook (Chinese Edition) (Chinese and English Edition)",0887276792,9780887276798,Acceptable,Amazon.com,36.03,3.99,2,42.02,http://www.amazon.com/dp/0887276792
"Mayo Clinic Cardiology Concise Textbook and Mayo Clinic Cardiology Board Review Questions & Answers: (TEXT AND Q&A SET) (Murphy, Mayo Clinic ... w/ Mayo Clinic Cardiology Board Review Q & A)",1420067486,9781420067484,New,Amazon.com,478.69,3.99,2,484.68,http://www.amazon.com/dp/1420067486
Kochar's Concise Textbook of Medicine (Book with CD-ROM),0781729424,9780781729420,Good,Amazon.com,9.25,5.54,2,16.79,http://www.amazon.com/dp/0781729424
Words Their Way: Word Sorts for Within Word Pattern Spellers (3rd Edition) (Words Their Way Series),0134575687,9780134575681,Good,Amazon.com,20.64,3.99,2,26.63,http://www.amazon.com/dp/0134575687
Brs Physiology,1496367618,9781496367617,New,Amazon.com,45.78,0.0,2,47.78,http://www.amazon.com/dp/1496367618
"Mastering the USMLE Step 2 CS, Third Edition",0071443347,9780071443340,Good,Amazon.com,11.91,4.49,2,18.4,http://www.amazon.com/dp/0071443347
Ven Conmigo!: Holt Spanish Level 1,0030565898,9780030565892,Good,Amazon.com,9.0,0.0,2,11.0,http://www.amazon.com/dp/0030565898
Jenney's First Year Latin Gr 8-12 Textbook 1990c,0133193284,9780133193282,New,Amazon.com,102.33,3.99,2,108.32,http://www.amazon.com/dp/0133193284
Materials Science for Electrical and Electronic Engineers (Textbooks in Electrical and Electronic Engineering),0198562942,9780198562948,New,Amazon.com,71.82,8.5,2,82.32,http://www.amazon.com/dp/0198562942
Materials Science and Engineering: An Introduction,1118324579,9781118324578,VeryGood,Amazon.com,69.9,5.54,2,77.44,http://www.amazon.com/dp/1118324579
Aproximaciones Al Estudio de la Literatura Hispánica,0073385379,9780073385372,Acceptable,Amazon.com,34.76,4.83,2,41.59,http://www.amazon.com/dp/0073385379
Mechanics of Materials (10th Edition),0134319656,9780134319650,Mint,Amazon.com,126.9,3.99,2,132.89,http://www.amazon.com/dp/0134319656
Engineering Mechanics: Statics & Dynamics (14th Edition),0133915425,9780133915426,Acceptable,Amazon.com,149.16,3.99,2,155.15,http://www.amazon.com/dp/0133915425
Woman Rebel: The Margaret Sanger Story,1770461264,9781770461260,VeryGood,Amazon.com,1.5,3.98,2,7.48,http://www.amazon.com/dp/1770461264
Fluid Mechanics With Engineering Applications,0072432020,9780072432022,Acceptable,Amazon.com,66.0,3.99,2,71.99,http://www.amazon.com/dp/0072432020
Supply Chain Management: A Logistics Perspective,1305859979,9781305859975,Acceptable,Amazon.com,94.17,3.99,2,100.16,http://www.amazon.com/dp/1305859979
Operations Management in the Supply Chain: Decisions and Cases,0073525243,9780073525242,New,Amazon.com,4242.01,0.0,2,4244.01,http://www.amazon.com/dp/0073525243
Fundamentals of Materials Science and Engineering: An Integrated Approach,0470125373,9780470125373,Acceptable,Amazon.com,28.29,6.27,2,36.56,http://www.amazon.com/dp/0470125373
Statics and Mechanics of Materials (5th Edition),0134382595,9780134382593,VeryGood,Amazon.com,125.99,0.0,2,127.99,http://www.amazon.com/dp/0134382595
Facilities Planning,0470444045,9780470444047,Mint,Amazon.com,77.99,6.49,2,86.48,http://www.amazon.com/dp/0470444045
Fox and McDonald's Introduction to Fluid Mechanics,1118912659,9781118912652,Mint,Amazon.com,72.5,6.49,2,80.99,http://www.amazon.com/dp/1118912659
Production and Operations Analysis (McGraw-Hill/Irwin Series Operations and Decision Sciences),0073377856,9780073377858,VeryGood,Amazon.com,19.0,3.99,2,24.99,http://www.amazon.com/dp/0073377856
When Kids Can't Read: What Teachers Can Do: A Guide for Teachers 6-12,0867095199,9780867095197,Acceptable,Amazon.com,8.79,3.95,2,14.74,http://www.amazon.com/dp/0867095199
Being a Homemaker/Home Health Aide (6th Edition),0131701061,9780131701069,Good,Amazon.com,49.95,3.99,2,55.94,http://www.amazon.com/dp/0131701061
Restorative Care: Fundamentals for the Certified Nursing Assistant,0827381417,9780827381414,Good,Amazon.com,55.33,10.97,2,68.3,http://www.amazon.com/dp/0827381417
Holt McDougal Biology: Student Edition 2012,0547414390,9780547414393,Good,Amazon.com,12.75,3.99,2,18.74,http://www.amazon.com/dp/0547414390
Biology: Exploring Life,0132509253,9780132509251,New,Amazon.com,79.99,0.0,2,81.99,http://www.amazon.com/dp/0132509253
Principles of Operations Management: Sustainability and Supply Chain Management,0132968363,9780132968362,Acceptable,Amazon.com,18.0,3.99,2,23.99,http://www.amazon.com/dp/0132968363
McDougal Littell Biology: Student Edition 2008,0618596585,9780618596584,Acceptable,Amazon.com,9.0,5.99,2,16.99,http://www.amazon.com/dp/0618596585
Introduction to Leadership: Concepts and Practice,1506330088,9781506330082,New,Amazon.com,84.61,0.0,2,86.61,http://www.amazon.com/dp/1506330088
Project Management: The Managerial Process,0073403342,9780073403342,Good,Amazon.com,9.96,3.99,2,15.95,http://www.amazon.com/dp/0073403342
Operations Management: Processes and Supply Chains (10th Edition),0132807394,9780132807395,Good,Amazon.com,13.0,3.99,2,18.99,http://www.amazon.com/dp/0132807394
Pediatric Swallowing and Feeding: Assessment and Management,0769300766,9780769300764,Good,Amazon.com,178.51,0.0,2,180.51,http://www.amazon.com/dp/0769300766
Introduction to Global Business: Understanding the International Environment & Global Business Functions (MindTap Course List),1305501187,9781305501188,New,Amazon.com,229.99,6.49,2,238.48,http://www.amazon.com/dp/1305501187
Facilitator's Guide to Participatory Decision-Making (Jossey-bass Business & Management Series),1118404955,9781118404959,New,Amazon.com,25.0,3.99,2,30.99,http://www.amazon.com/dp/1118404955
"Discovering Child Development, 2nd Edition",0547003617,9780547003610,Good,Amazon.com,61.17,4.49,2,67.66,http://www.amazon.com/dp/0547003617
Furniture in History: 3000 B.C. - 2000 A.D (2nd Edition),0132447282,9780132447287,Good,Amazon.com,94.73,3.99,2,100.72,http://www.amazon.com/dp/0132447282
Designing: An Introduction,1609014960,9781609014964,VeryGood,Amazon.com,95.0,3.99,2,100.99,http://www.amazon.com/dp/1609014960
Mammal Anatomy: An Illustrated Guide,0761478825,9780761478829,Acceptable,Amazon.com,7.81,3.89,2,13.7,http://www.amazon.com/dp/0761478825
Operations Management,0470325046,9780470325049,New,Amazon.com,46.3,3.99,2,52.29,http://www.amazon.com/dp/0470325046
"Symbol, Pattern and Symmetry: The Cultural Significance of Structure",1472503120,9781472503121,New,Amazon.com,58.4,5.99,2,66.39,http://www.amazon.com/dp/1472503120
Designing Tomorrow: America's World's Fairs of the 1930s,0300149573,9780300149579,New,Amazon.com,13.0,3.99,2,18.99,http://www.amazon.com/dp/0300149573
Hollywood Sketchbook: A Century of Costume Illustration,0061984965,9780061984969,VeryGood,Amazon.com,25.49,5.99,2,33.48,http://www.amazon.com/dp/0061984965
NCLEX-PN® Questions & Answers Made Incredibly Easy! (Incredibly Easy! Series®),0781799198,9780781799195,Good,Amazon.com,3.92,3.99,2,9.91,http://www.amazon.com/dp/0781799198
"Teaching in Nursing: A Guide for Faculty, 4th Edition",1455705519,9781455705511,Good,Amazon.com,22.12,12.77,2,36.89,http://www.amazon.com/dp/1455705519
Straight A's in Pathophysiology,1582554498,9781582554495,Good,Amazon.com,14.45,15.33,2,31.78,http://www.amazon.com/dp/1582554498
Brunner & Suddarth's Textbook of Medical-Surgical Nursing,1496347994,9781496347992,Acceptable,Amazon.com,104.99,3.99,2,110.98,http://www.amazon.com/dp/1496347994
Mythology,0316223344,9780316223348,VeryGood,Amazon.com,5.13,3.98,2,11.11,http://www.amazon.com/dp/0316223344
Adult-Gerontology and Family Nurse Practitioner Certification Examination: Review Questions and Strategies,0803627041,9780803627048,VeryGood,Amazon.com,21.77,3.99,2,27.76,http://www.amazon.com/dp/0803627041
The Good Research Guide: for small-scale social research projects,0335241387,9780335241385,New,Amazon.com,52.0,6.49,2,60.49,http://www.amazon.com/dp/0335241387
"Adult-Gerontology Nurse Practitioner Certification Intensive Review: Fast Facts and Practice Questions, Second Edition",0826134262,9780826134264,Acceptable,Amazon.com,5.91,5.77,2,13.68,http://www.amazon.com/dp/0826134262
"Pearson Reviews & Rationales: Pathophysiology with ""Nursing Reviews & Rationales"" (3rd Edition) (Hogan, Pearson Reviews & Rationales Series)",0133249778,9780133249774,VeryGood,Amazon.com,39.99,3.99,2,45.98,http://www.amazon.com/dp/0133249778
Meaningful Assessments of the Young Child: Celebrating Development and Learning (3rd Edition),0132237598,9780132237598,New,Amazon.com,187.94,9.88,2,199.82,http://www.amazon.com/dp/0132237598
"Saunders Comprehensive Review for the NCLEX-RN Examination, 5th Edition",1437708250,9781437708257,Good,Amazon.com,0.96,3.99,2,6.95,http://www.amazon.com/dp/1437708250
Child and Adolescent Development: A Behavioral Systems Approach,0761926984,9780761926986,New,Amazon.com,66.96,3.99,2,72.95,http://www.amazon.com/dp/0761926984
Play and Child Development (4th Edition),0132596830,9780132596831,Acceptable,Amazon.com,72.4,4.89,2,79.29,http://www.amazon.com/dp/0132596830
Human Geography: Places and Regions in Global Context (7th Edition),0321984242,9780321984241,Acceptable,Amazon.com,73.0,3.99,2,78.99,http://www.amazon.com/dp/0321984242
World History: Medieval and Early Modern Times (California Teacher's Edition),0618532951,9780618532957,VeryGood,Amazon.com,16.5,6.1,2,24.6,http://www.amazon.com/dp/0618532951
The Story of the World: History for the Classical Child: The Middle Ages: From the Fall of Rome to the Rise of the Renaissance: 2,1933339098,9781933339092,Acceptable,Amazon.com,7.45,3.99,2,13.44,http://www.amazon.com/dp/1933339098
Looking Beyond the Structure: Critical Thinking for Designers & Architects,1563677199,9781563677199,Good,Amazon.com,59.5,16.98,2,78.48,http://www.amazon.com/dp/1563677199
"Brunner and Suddarth's Textbook of Medical-Surgical Nursing, Vol 1 and 2",1451146663,9781451146660,VeryGood,Amazon.com,13.46,9.53,2,24.99,http://www.amazon.com/dp/1451146663
Homer: Odyssey I-XII (Greek Texts) (Bks.1-12) (Greek Edition),1853995029,9781853995026,Good,Amazon.com,31.81,10.79,2,44.6,http://www.amazon.com/dp/1853995029
Clinical Handbook for Brunner and Suddarth's Textbook of Medical-Surgical Nursing,1496355148,9781496355140,New,Amazon.com,32.49,0.0,2,34.49,http://www.amazon.com/dp/1496355148
Advanced Practice Palliative Nursing,0190204745,9780190204747,New,Amazon.com,80.84,3.99,2,86.83,http://www.amazon.com/dp/0190204745
Brunner & Suddarth's Textbook of Medical-Surgical Nursing PrepU Access Code,1469845784,9781469845784,New,Amazon.com,305.37,3.99,2,311.36,http://www.amazon.com/dp/1469845784
Myth (The New Critical Idiom),0415442842,9780415442848,Good,Amazon.com,7.88,5.99,2,15.87,http://www.amazon.com/dp/0415442842
The Essential Child: Origins of Essentialism in Everyday Thought (Oxford Series in Cognitive Development),0195181980,9780195181982,Acceptable,Amazon.com,27.95,0.0,2,29.95,http://www.amazon.com/dp/0195181980
Hemodynamic Monitoring: Invasive and Noninvasive Clinical Application,0721692931,9780721692937,VeryGood,Amazon.com,59.1,6.49,2,67.59,http://www.amazon.com/dp/0721692931
Medical Secrets,0323063985,9780323063982,VeryGood,Amazon.com,21.68,3.99,2,27.67,http://www.amazon.com/dp/0323063985
The Essential Iliad,0872205428,9780872205420,VeryGood,Amazon.com,4.79,4.49,2,11.28,http://www.amazon.com/dp/0872205428
Breaking Away from the Textbook: A Creative Approach to Teaching American History,1578862930,9781578862931,Good,Amazon.com,46.21,8.52,2,56.73,http://www.amazon.com/dp/1578862930
Oxford Textbook of Palliative Nursing (Oxford Textbooks in Palliative Medicine),0199332347,9780199332342,Acceptable,Amazon.com,78.0,3.99,2,83.99,http://www.amazon.com/dp/0199332347
CMA Part 2 - Financial Decision Making Exam Flashcard Study System: CMA Test Practice Questions & Review for the Certified Management Accountant Exam (Cards),1609714199,9781609714192,New,Amazon.com,43.99,0.0,2,45.99,http://www.amazon.com/dp/1609714199
Textiles for Residential and Commercial Interiors,1609019377,9781609019372,Good,Amazon.com,54.06,3.99,2,60.05,http://www.amazon.com/dp/1609019377
Postmodernism for Historians,0582506042,9780582506046,VeryGood,Amazon.com,19.59,3.99,2,25.58,http://www.amazon.com/dp/0582506042
The Dynamics of Fashion: Studio Access Card,1609015002,9781609015008,Good,Amazon.com,34.72,3.99,2,40.71,http://www.amazon.com/dp/1609015002
"Practical Guide to Patternmaking for Fashion Designers: Juniors, Misses and Women",1563673282,9781563673283,VeryGood,Amazon.com,41.96,3.99,2,47.95,http://www.amazon.com/dp/1563673282
In Fashion,1609012224,9781609012229,Good,Amazon.com,1.99,3.96,2,7.95,http://www.amazon.com/dp/1609012224
The Routledge Companion to Postmodernism (Routledge Companions),0415583322,9780415583329,New,Amazon.com,707.75,78.9,2,788.65,http://www.amazon.com/dp/0415583322
Parages (Cultural Memory in the Present),0804735824,9780804735827,VeryGood,Amazon.com,9.95,3.99,2,15.94,http://www.amazon.com/dp/0804735824
JJ Pizzuto's Fabric Science 10th Edition,1609013808,9781609013806,Acceptable,Amazon.com,15.01,6.34,2,23.35,http://www.amazon.com/dp/1609013808
Principles of Flat Pattern Design 4th Edition,1563678519,9781563678516,Good,Amazon.com,62.31,3.99,2,68.3,http://www.amazon.com/dp/1563678519
"Palliative Care Nursing, Fourth Edition: Quality Care to the End of Life",0826196357,9780826196354,Acceptable,Amazon.com,38.42,6.57,2,46.99,http://www.amazon.com/dp/0826196357
Fashion Marketing,1405139536,9781405139533,VeryGood,Amazon.com,3.84,3.99,2,9.83,http://www.amazon.com/dp/1405139536
A Short History of Modern Philosophy: From Descartes to Wittgenstein,0415267633,9780415267632,Good,Amazon.com,9.99,0.0,2,11.99,http://www.amazon.com/dp/0415267633
Oxford Handbook of Palliative Care (Oxford Medical Handbooks),0199234353,9780199234356,New,Amazon.com,29.37,3.99,2,35.36,http://www.amazon.com/dp/0199234353
Minds and Computers: An Introduction to the Philosophy of Artificial Intelligence,0748620990,9780748620999,Good,Amazon.com,18.62,3.99,2,24.61,http://www.amazon.com/dp/0748620990
"Clinical Medical Assisting: A Professional, Field Smart Approach to the Workplace (MindTap Course List)",1305110862,9781305110861,VeryGood,Amazon.com,106.2,6.49,2,114.69,http://www.amazon.com/dp/1305110862
Milady Standard Nail Technology (MindTap Course List),1285080475,9781285080475,New,Amazon.com,54.78,3.9,2,60.68,http://www.amazon.com/dp/1285080475
"Palliative Care: Core Skills and Clinical Competencies, Expert Consult Online and Print",1437716199,9781437716191,Good,Amazon.com,52.71,5.54,2,60.25,http://www.amazon.com/dp/1437716199
"Winningham's Critical Thinking Cases in Nursing: Medical-Surgical, Pediatric, Maternity, and Psychiatric",0323289614,9780323289610,New,Amazon.com,45.0,3.99,2,50.99,http://www.amazon.com/dp/0323289614
Fashion Theory: A Reader,0415413400,9780415413404,Good,Amazon.com,19.99,3.99,2,25.98,http://www.amazon.com/dp/0415413400
"The Visible Self: Global Perspectives on Dress, Culture and Society",1609018702,9781609018702,VeryGood,Amazon.com,59.5,5.19,2,66.69,http://www.amazon.com/dp/1609018702
Hospice and Palliative Care: The Essential Guide,0415993563,9780415993562,Good,Amazon.com,31.54,7.43,2,40.97,http://www.amazon.com/dp/0415993563
Draping for Apparel Design,1563671026,9781563671029,New,Amazon.com,63.99,3.99,2,69.98,http://www.amazon.com/dp/1563671026
Essentials for the Activity Professional in Long Term Care,0827373872,9780827373877,New,Amazon.com,113.31,3.99,2,119.3,http://www.amazon.com/dp/0827373872
J.J. Pizzuto's Fabric Science Swatch Kit: Studio Access Card,1628926570,9781628926576,New,Amazon.com,8.99,6.49,2,17.48,http://www.amazon.com/dp/1628926570
"Seismic Design of Building Structures, 11th Ed",1591264707,9781591264705,VeryGood,Amazon.com,52.65,3.99,2,58.64,http://www.amazon.com/dp/1591264707
Mayo Clinic Internal Medicine Board Review Questions and Answers,0199985871,9780199985876,Good,Amazon.com,51.47,8.79,2,62.26,http://www.amazon.com/dp/0199985871
"PANCE Strategies, Practice, and Review with 2 Practice Tests (Kaplan PANCE)",1609788966,9781609788964,New,Amazon.com,42.4,0.0,2,44.4,http://www.amazon.com/dp/1609788966
Fabrication and Welding Engineering,0750666919,9780750666916,Good,Amazon.com,29.49,3.99,2,35.48,http://www.amazon.com/dp/0750666919
Cracking the PCAT 2012-2013,0375427430,9780375427435,Acceptable,Amazon.com,5.95,3.99,2,11.94,http://www.amazon.com/dp/0375427430
The Frankfurt School in Exile,0816653674,9780816653676,VeryGood,Amazon.com,29.99,3.98,2,35.97,http://www.amazon.com/dp/0816653674
The Ophthalmology Examinations Review: Second Edition,9814304417,9789814304412,New,Amazon.com,74.01,5.99,2,82.0,http://www.amazon.com/dp/9814304417
Introductory Readings in the Philosophy of Science,1573922404,9781573922401,New,Amazon.com,20.95,3.99,2,26.94,http://www.amazon.com/dp/1573922404
CHEMISTRY 2012 STUDENT EDITION (HARD COVER) GRADE 11,0132525763,9780132525763,Acceptable,Amazon.com,75.99,3.99,2,81.98,http://www.amazon.com/dp/0132525763
Faith and Reason,0192892908,9780192892904,Good,Amazon.com,20.15,3.99,2,26.14,http://www.amazon.com/dp/0192892908
"Rare Earths: Science, Technology, Production and Use",0444627359,9780444627353,Good,Amazon.com,120.54,0.0,2,122.54,http://www.amazon.com/dp/0444627359
Ender's Game (The Ender Quintet),0812550706,9780812550702,Acceptable,Amazon.com,0.01,5.35,2,7.36,http://www.amazon.com/dp/0812550706
Glencoe Chemistry: Matter and Change,0078964059,9780078964053,VeryGood,Amazon.com,73.01,3.99,2,79.0,http://www.amazon.com/dp/0078964059
Deleuze & Guattari for Architects,0415421160,9780415421164,New,Amazon.com,26.38,6.49,2,34.87,http://www.amazon.com/dp/0415421160
"Basics Textile Design 01: Sourcing Ideas: Researching Colour, Surface, Structure, Texture and Pattern",2940411638,9782940411634,Mint,Amazon.com,35.59,6.49,2,44.08,http://www.amazon.com/dp/2940411638
Understanding Aesthetics for the Merchandising and Design Professional,1563678098,9781563678097,Acceptable,Amazon.com,43.0,3.99,2,48.99,http://www.amazon.com/dp/1563678098
"Japanese Fashion Designers: The Work and Influence of Issey Miyake, Yohji Yamamotom, and Rei Kawakubo",1847883109,9781847883100,New,Amazon.com,25.1,3.99,2,31.09,http://www.amazon.com/dp/1847883109
Cambridge International AS and A Level Chemistry Coursebook with CD-ROM (Cambridge International Examinations),1107638453,9781107638457,VeryGood,Amazon.com,25.75,6.49,2,34.24,http://www.amazon.com/dp/1107638453
The Fairchild Books Dictionary of Fashion,1609014898,9781609014896,New,Amazon.com,102.46,5.54,2,110.0,http://www.amazon.com/dp/1609014898
Know Your Fashion Accessories,1563672456,9781563672453,Mint,Amazon.com,5.5,3.99,2,11.49,http://www.amazon.com/dp/1563672456
Concepts of Pattern Grading: Techniques for Manual and Computer Grading,1628922303,9781628922301,New,Amazon.com,129.94,0.0,2,131.94,http://www.amazon.com/dp/1628922303
Holt McDougal Modern Chemistry: Student Edition 2015,0544023730,9780544023734,Good,Amazon.com,108.0,0.0,2,110.0,http://www.amazon.com/dp/0544023730
Writing Fiction: A Guide to Narrative Craft (9th Edition),0321923162,9780321923165,Acceptable,Amazon.com,67.53,3.99,2,73.52,http://www.amazon.com/dp/0321923162
Concepts of Pattern Grading: Techniques for Manual and Computer Grading,1563672103,9781563672101,Good,Amazon.com,82.84,9.88,2,94.72,http://www.amazon.com/dp/1563672103
Geotechnical Engineering: A Practical Problem Solving Approach (Eureka),1604270160,9781604270167,VeryGood,Amazon.com,55.0,3.99,2,60.99,http://www.amazon.com/dp/1604270160
Understanding Reading Problems: Assessment and Instruction,0132617498,9780132617499,New,Amazon.com,45.96,3.99,2,51.95,http://www.amazon.com/dp/0132617498
Metal Forming: Mechanics and Metallurgy,0135885264,9780135885260,Good,Amazon.com,7.7,3.99,2,13.69,http://www.amazon.com/dp/0135885264
Pattern Cutting for Women's Tailored Jackets: Classic and Contemporary,0632054670,9780632054671,Mint,Amazon.com,34.38,3.99,2,40.37,http://www.amazon.com/dp/0632054670
Light Alloys: From Traditional Alloys to Nanocrystals,0750663715,9780750663717,VeryGood,Amazon.com,40.32,6.71,2,49.03,http://www.amazon.com/dp/0750663715
Electrical Wiring Residential,1337101842,9781337101844,New,Amazon.com,169.0,3.99,2,174.99,http://www.amazon.com/dp/1337101842
Journeyman Electrician’s Review,1439059446,9781439059449,Good,Amazon.com,86.28,0.0,2,88.28,http://www.amazon.com/dp/1439059446
"Advances in Wrought Magnesium Alloys: Fundamentals of Processing, Properties and Applications",1845699688,9781845699680,New,Amazon.com,118.95,0.0,2,120.95,http://www.amazon.com/dp/1845699688
Corrosion and Surface Chemistry of Metals (Engineering Sciences : Materials),0849382335,9780849382338,New,Amazon.com,123.48,8.5,2,133.98,http://www.amazon.com/dp/0849382335
Basic Metallurgy,0827317697,9780827317697,New,Amazon.com,120.81,0.0,2,122.81,http://www.amazon.com/dp/0827317697
Electricity and Controls for HVAC-R,1133278205,9781133278207,Acceptable,Amazon.com,71.9,39.95,2,113.85,http://www.amazon.com/dp/1133278205
Crisis and Trauma: Developmental-Ecological Intervention (Crisis Intervention),0618373713,9780618373710,New,Amazon.com,78.32,3.9,2,84.22,http://www.amazon.com/dp/0618373713
Relational Suicide Assessment: Risks Resources And Possibilities For Safety,0393706524,9780393706529,Good,Amazon.com,21.88,0.0,2,23.88,http://www.amazon.com/dp/0393706524
The Relativity of Deviance,1483377342,9781483377346,Good,Amazon.com,27.99,3.99,2,33.98,http://www.amazon.com/dp/1483377342
Chemistry for CSEC CXC Study Guide,1408522489,9781408522486,Good,Amazon.com,22.13,3.99,2,28.12,http://www.amazon.com/dp/1408522489
"Suicide: Foucault, History and Truth",0521112540,9780521112543,New,Amazon.com,97.07,8.5,2,107.57,http://www.amazon.com/dp/0521112540
Phonics They Use: Words for Reading and Writing (7th Edition) (Making Words Series),0134255186,9780134255187,Mint,Amazon.com,39.99,6.49,2,48.48,http://www.amazon.com/dp/0134255186
"Complete Chemistry for Cambridge, Secondary 1: For Cambridge Checkpoint and Beyond",0198390181,9780198390183,Good,Amazon.com,25.04,3.99,2,31.03,http://www.amazon.com/dp/0198390181
"Reading with Meaning, 2nd Edition: Teaching comprehension in the primary grades",1571109552,9781571109552,Good,Amazon.com,20.55,0.0,2,22.55,http://www.amazon.com/dp/1571109552
Managing Suicide Risk in Primary Care,0826110711,9780826110718,New,Amazon.com,61.36,0.0,2,63.36,http://www.amazon.com/dp/0826110711
"The English Teacher's Companion, Fourth Edition: A Completely New Guide to Classroom, Curriculum, and the Profession",0325028400,9780325028408,Good,Amazon.com,24.98,3.99,2,30.97,http://www.amazon.com/dp/0325028400
Polish: A Comprehensive Grammar (Routledge Comprehensive Grammars),0415475414,9780415475419,New,Amazon.com,57.64,3.99,2,63.63,http://www.amazon.com/dp/0415475414
50 Instructional Routines to Develop Content Literacy (3rd Edition) (Teaching Strategies Series),0133347966,9780133347968,New,Amazon.com,26.89,3.99,2,32.88,http://www.amazon.com/dp/0133347966
Locating and Correcting Reading Difficulties (10th Edition),0132929104,9780132929103,Good,Amazon.com,73.16,3.99,2,79.15,http://www.amazon.com/dp/0132929104
"Children's Literature, Briefly (6th Edition)",0133846555,9780133846553,Good,Amazon.com,63.62,3.99,2,69.61,http://www.amazon.com/dp/0133846555
"Children's Literature, Briefly",0132480565,9780132480567,Good,Amazon.com,34.11,0.0,2,36.11,http://www.amazon.com/dp/0132480565
Survey of Historic Costume,1628921676,9781628921670,Acceptable,Amazon.com,71.52,3.99,2,77.51,http://www.amazon.com/dp/1628921676
Operational Amplifiers and Linear Integrated Circuits (6th Edition),0130149918,9780130149916,Acceptable,Amazon.com,89.98,3.99,2,95.97,http://www.amazon.com/dp/0130149918
"Electrical Level 4 Trainee Guide, 2011 NEC Revision, Paperback (7th Edition) (Contren Learning)",0132569566,9780132569569,Good,Amazon.com,18.46,3.99,2,24.45,http://www.amazon.com/dp/0132569566
Digital Systems: Principles and Applications (11th Edition),0135103827,9780135103821,Good,Amazon.com,57.58,0.0,2,59.58,http://www.amazon.com/dp/0135103827
Medical and Psychosocial Aspects of Chronic Illness and Disability,1284105407,9781284105407,New,Amazon.com,50.86,3.99,2,56.85,http://www.amazon.com/dp/1284105407
Understanding Motor Controls,1305498127,9781305498129,New,Amazon.com,113.24,0.0,2,115.24,http://www.amazon.com/dp/1305498127
The COTA Examination Review Guide (Book with CD-ROM),0803608446,9780803608443,New,Amazon.com,35.49,0.0,2,37.49,http://www.amazon.com/dp/0803608446
Physiology: with STUDENT CONSULT Online Access (Costanzo Physiology),1416062165,9781416062165,Acceptable,Amazon.com,3.89,3.99,2,9.88,http://www.amazon.com/dp/1416062165
Electronics Technology Fundamentals: Conventional Flow Version (3rd Edition),0135048745,9780135048740,Good,Amazon.com,128.57,3.99,2,134.56,http://www.amazon.com/dp/0135048745
Introduction to Quality and Safety Education for Nurses: Core Competencies,0826121837,9780826121837,New,Amazon.com,42.57,5.66,2,50.23,http://www.amazon.com/dp/0826121837
Clinical Interviewing,1119215587,9781119215585,Good,Amazon.com,54.49,0.0,2,56.49,http://www.amazon.com/dp/1119215587
Palliative Care Nursing: Caring for Suffering Patients,0763773840,9780763773847,New,Amazon.com,52.4,0.0,2,54.4,http://www.amazon.com/dp/0763773840
Managing Suicidal Risk: A Collaborative Approach,1593853270,9781593853273,New,Amazon.com,34.99,3.99,2,40.98,http://www.amazon.com/dp/1593853270
"Katzung & Trevor's Pharmacology Examination and Board Review,11th Edition",0071826351,9780071826358,New,Amazon.com,30.12,0.0,2,32.12,http://www.amazon.com/dp/0071826351
Dementia With Dignity,0074707523,9780074707524,VeryGood,Amazon.com,882.2,3.99,2,888.19,http://www.amazon.com/dp/0074707523
The Suicidal Patient: Clinical and Legal Standards of Care,1433813254,9781433813252,Mint,Amazon.com,39.13,3.99,2,45.12,http://www.amazon.com/dp/1433813254
Medicines Management for Residential and Nursing Homes: A Toolkit for Best Practice and Accredited Learning,1846191203,9781846191206,New,Amazon.com,26.46,8.5,2,36.96,http://www.amazon.com/dp/1846191203
Learn Russian Language Through Dialogue: Bilingual Textbook with Parallel Translation for Speakers of English (English Edition) (Russian and English Edition),1469971577,9781469971575,New,Amazon.com,14.99,0.0,2,16.99,http://www.amazon.com/dp/1469971577
YA Veras Gold L1-Student Textbook 1999c,0838485545,9780838485545,Acceptable,Amazon.com,2.44,3.99,2,8.43,http://www.amazon.com/dp/0838485545
"Social Studies, Literacy, and Social Justice in the Common Core Classroom: A Guide for Teachers",0807754080,9780807754085,Acceptable,Amazon.com,23.06,3.99,2,29.05,http://www.amazon.com/dp/0807754080
Deviance and Deviants: A Sociological Approach,1118604598,9781118604595,New,Amazon.com,52.88,0.0,2,54.88,http://www.amazon.com/dp/1118604598
"Greek: An Intensive Course, 2nd Revised Edition",0823216632,9780823216635,Good,Amazon.com,45.0,0.0,2,47.0,http://www.amazon.com/dp/0823216632
Russian Grammar Workbook,1118273419,9781118273418,Acceptable,Amazon.com,39.98,0.0,2,41.98,http://www.amazon.com/dp/1118273419
Antibiotic Basics for Clinicians: The ABCs of Choosing the Right Antibacterial Agent,1451112211,9781451112214,VeryGood,Amazon.com,20.9,3.99,2,26.89,http://www.amazon.com/dp/1451112211
How Languages are Learned 4e (Oxford Handbooks for Language Teachers),0194541266,9780194541268,New,Amazon.com,11.8,3.99,2,17.79,http://www.amazon.com/dp/0194541266
Theories of Developmental Psychology,1429216344,9781429216340,Acceptable,Amazon.com,10.0,3.99,2,15.99,http://www.amazon.com/dp/1429216344
Developing Person Through Childhood and Adolescence,1319058132,9781319058135,Mint,Amazon.com,139.95,3.99,2,145.94,http://www.amazon.com/dp/1319058132
MCAT Complete 7-Book Subject Review 2018-2019: Online + Book,1506223958,9781506223957,Mint,Amazon.com,135.0,3.99,2,140.99,http://www.amazon.com/dp/1506223958
Play Therapy: An Introduction,0130974188,9780130974181,Good,Amazon.com,38.65,3.99,2,44.64,http://www.amazon.com/dp/0130974188
Anatomy: A Photographic Atlas (Color Atlas of Anatomy a Photographic Study of the Human Body),1451193181,9781451193183,New,Amazon.com,79.19,0.0,2,81.19,http://www.amazon.com/dp/1451193181
Developmental Psychology: Revisiting the Classic Studies,0857027581,9780857027580,VeryGood,Amazon.com,26.37,6.49,2,34.86,http://www.amazon.com/dp/0857027581
Christianity And Developmental Psychopathology,0830828559,9780830828555,New,Amazon.com,30.0,3.99,2,35.99,http://www.amazon.com/dp/0830828559
Solving The Frontline Crisis In Long-term Care: A Practical Guide To Finding And Keeping Quality Nursing Assistants,0965362906,9780965362900,Good,Amazon.com,13.62,3.99,2,19.61,http://www.amazon.com/dp/0965362906
Meal Service Study Course,0813827639,9780813827636,Good,Amazon.com,5.49,0.0,2,7.49,http://www.amazon.com/dp/0813827639
Teaching History with Film: Strategies for Secondary Social Studies,0415999561,9780415999564,Good,Amazon.com,25.15,0.0,2,27.15,http://www.amazon.com/dp/0415999561
The Social Studies Wars: What Should We Teach the Children?,0807744190,9780807744192,Acceptable,Amazon.com,10.35,3.99,2,16.34,http://www.amazon.com/dp/0807744190
Chinese Made Easy for Kids: Textbook 3 (Mandarin Chinese and English Edition),9620425197,9789620425196,Acceptable,Amazon.com,19.37,3.99,2,25.36,http://www.amazon.com/dp/9620425197
Japanese for Busy People I: The Workbook for the Revised 3rd Edition (Japanese for Busy People Series),1568363990,9781568363998,Mint,Amazon.com,17.7,6.49,2,26.19,http://www.amazon.com/dp/1568363990
Breaking Away from the Textbook: Creative Ways to Teach World History: Prehistory to 1600,1607091909,9781607091905,Mint,Amazon.com,83.93,3.99,2,89.92,http://www.amazon.com/dp/1607091909
Racial and Ethnic Relations in America (7th Edition),0205381979,9780205381975,Acceptable,Amazon.com,76.86,6.95,2,85.81,http://www.amazon.com/dp/0205381979
Psychology of Learning and Behavior (Fifth Edition),0393975916,9780393975918,Good,Amazon.com,31.69,3.99,2,37.68,http://www.amazon.com/dp/0393975916
